name,pokedex_number,base_total,hp,attack,defense,sp_attack,sp_defense,speed,type1,type2,generation,is_legendary
Bulbasaur,1,318,45,49,49,65,65,45,grass,poison,1,0
Ivysaur,2,405,60,62,63,80,80,60,grass,poison,1,0
Venusaur,3,625,80,100,123,122,120,80,grass,poison,1,0
Charmander,4,309,39,52,43,60,50,65,fire,,1,0
Charmeleon,5,405,58,64,58,80,65,80,fire,,1,0
Charizard,6,634,78,104,78,159,115,100,fire,flying,1,0
Squirtle,7,314,44,48,65,50,64,43,water,,1,0
Wartortle,8,405,59,63,80,65,80,58,water,,1,0
Blastoise,9,630,79,103,120,135,115,78,water,,1,0
Caterpie,10,195,45,30,35,20,20,45,bug,,1,0
Metapod,11,205,50,20,55,25,25,30,bug,,1,0
Butterfree,12,395,60,45,50,90,80,70,bug,flying,1,0
Weedle,13,195,40,35,30,20,20,50,bug,poison,1,0
Kakuna,14,205,45,25,50,25,25,35,bug,poison,1,0
Beedrill,15,495,65,150,40,15,80,145,bug,poison,1,0
Pidgey,16,251,40,45,40,35,35,56,normal,flying,1,0
Pidgeotto,17,349,63,60,55,50,50,71,normal,flying,1,0
Pidgeot,18,579,83,80,80,135,80,121,normal,flying,1,0
Rattata,19,253,30,56,35,25,35,72,normal,dark,1,0
Raticate,20,413,75,71,70,40,80,77,normal,dark,1,0
Spearow,21,262,40,60,30,31,31,70,normal,flying,1,0
Fearow,22,442,65,90,65,61,61,100,normal,flying,1,0
Ekans,23,288,35,60,44,40,54,55,poison,,1,0
Arbok,24,448,60,95,69,65,79,80,poison,,1,0
Pikachu,25,320,35,55,40,50,50,90,electric,,1,0
Raichu,26,485,60,85,50,95,85,110,electric,electric,1,0
Sandshrew,27,300,50,75,90,10,35,40,ground,ice,1,0
Sandslash,28,450,75,100,120,25,65,65,ground,ice,1,0
Nidoran♀,29,275,55,47,52,40,40,41,poison,,1,0
Nidorina,30,365,70,62,67,55,55,56,poison,,1,0
Nidoqueen,31,505,90,92,87,75,85,76,poison,ground,1,0
Nidoran♂,32,273,46,57,40,40,40,50,poison,,1,0
Nidorino,33,365,61,72,57,55,55,65,poison,,1,0
Nidoking,34,505,81,102,77,85,75,85,poison,ground,1,0
Clefairy,35,323,70,45,48,60,65,35,fairy,,1,0
Clefable,36,483,95,70,73,95,90,60,fairy,,1,0
Vulpix,37,299,38,41,40,50,65,65,fire,ice,1,0
Ninetales,38,505,73,67,75,81,100,109,fire,ice,1,0
Jigglypuff,39,270,115,45,20,45,25,20,normal,fairy,1,0
Wigglytuff,40,435,140,70,45,85,50,45,normal,fairy,1,0
Zubat,41,245,40,45,35,30,40,55,poison,flying,1,0
Golbat,42,455,75,80,70,65,75,90,poison,flying,1,0
Oddish,43,320,45,50,55,75,65,30,grass,poison,1,0
Gloom,44,395,60,65,70,85,75,40,grass,poison,1,0
Vileplume,45,490,75,80,85,110,90,50,grass,poison,1,0
Paras,46,285,35,70,55,45,55,25,bug,grass,1,0
Parasect,47,405,60,95,80,60,80,30,bug,grass,1,0
Venonat,48,305,60,55,50,40,55,45,bug,poison,1,0
Venomoth,49,450,70,65,60,90,75,90,bug,poison,1,0
Diglett,50,265,10,55,30,35,45,90,ground,ground,1,0
Dugtrio,51,425,35,100,60,50,70,110,ground,ground,1,0
Meowth,52,290,40,35,35,50,40,90,normal,dark,1,0
Persian,53,440,65,60,60,75,65,115,normal,dark,1,0
Psyduck,54,320,50,52,48,65,50,55,water,,1,0
Golduck,55,500,80,82,78,95,80,85,water,,1,0
Mankey,56,305,40,80,35,35,45,70,fighting,,1,0
Primeape,57,455,65,105,60,60,70,95,fighting,,1,0
Growlithe,58,350,55,70,45,70,50,60,fire,,1,0
Arcanine,59,555,90,110,80,100,80,95,fire,,1,0
Poliwag,60,300,40,50,40,40,40,90,water,,1,0
Poliwhirl,61,385,65,65,65,50,50,90,water,,1,0
Poliwrath,62,510,90,95,95,70,90,70,water,fighting,1,0
Abra,63,310,25,20,15,105,55,90,psychic,,1,0
Kadabra,64,400,40,35,30,120,70,105,psychic,,1,0
Alakazam,65,600,55,50,65,175,105,150,psychic,,1,0
Machop,66,305,70,80,50,35,35,35,fighting,,1,0
Machoke,67,405,80,100,70,50,60,45,fighting,,1,0
Machamp,68,505,90,130,80,65,85,55,fighting,,1,0
Bellsprout,69,300,50,75,35,70,30,40,grass,poison,1,0
Weepinbell,70,390,65,90,50,85,45,55,grass,poison,1,0
Victreebel,71,490,80,105,65,100,70,70,grass,poison,1,0
Tentacool,72,335,40,40,35,50,100,70,water,poison,1,0
Tentacruel,73,515,80,70,65,80,120,100,water,poison,1,0
Geodude,74,300,40,80,100,30,30,20,rock,ground,1,0
Graveler,75,390,55,95,115,45,45,35,rock,ground,1,0
Golem,76,495,80,120,130,55,65,45,rock,ground,1,0
Ponyta,77,410,50,85,55,65,65,90,fire,,1,0
Rapidash,78,500,65,100,70,80,80,105,fire,,1,0
Slowpoke,79,315,90,65,65,40,40,15,water,psychic,1,0
Slowbro,80,590,95,75,180,130,80,30,water,psychic,1,0
Magnemite,81,325,25,35,70,95,55,45,electric,steel,1,0
Magneton,82,465,50,60,95,120,70,70,electric,steel,1,0
Farfetch'd,83,377,52,90,55,58,62,60,normal,flying,1,0
Doduo,84,310,35,85,45,35,35,75,normal,flying,1,0
Dodrio,85,470,60,110,70,60,60,110,normal,flying,1,0
Seel,86,325,65,45,55,45,70,45,water,,1,0
Dewgong,87,475,90,70,80,70,95,70,water,ice,1,0
Grimer,88,325,80,80,50,40,50,25,poison,poison,1,0
Muk,89,500,105,105,75,65,100,50,poison,poison,1,0
Shellder,90,305,30,65,100,45,25,40,water,,1,0
Cloyster,91,525,50,95,180,85,45,70,water,ice,1,0
Gastly,92,310,30,35,30,100,35,80,ghost,poison,1,0
Haunter,93,405,45,50,45,115,55,95,ghost,poison,1,0
Gengar,94,600,60,65,80,170,95,130,ghost,poison,1,0
Onix,95,385,35,45,160,30,45,70,rock,ground,1,0
Drowzee,96,328,60,48,45,43,90,42,psychic,,1,0
Hypno,97,483,85,73,70,73,115,67,psychic,,1,0
Krabby,98,325,30,105,90,25,25,50,water,,1,0
Kingler,99,475,55,130,115,50,50,75,water,,1,0
Voltorb,100,330,40,30,50,55,55,100,electric,,1,0
Electrode,101,490,60,50,70,80,80,150,electric,,1,0
Exeggcute,102,325,60,40,80,60,45,40,grass,psychic,1,0
Exeggutor,103,530,95,105,85,125,75,45,grass,psychic,1,0
Cubone,104,320,50,50,95,40,50,35,ground,,1,0
Marowak,105,425,60,80,110,50,80,45,ground,fire,1,0
Hitmonlee,106,455,50,120,53,35,110,87,fighting,,1,0
Hitmonchan,107,455,50,105,79,35,110,76,fighting,,1,0
Lickitung,108,385,90,55,75,60,75,30,normal,,1,0
Koffing,109,340,40,65,95,60,45,35,poison,,1,0
Weezing,110,490,65,90,120,85,70,60,poison,,1,0
Rhyhorn,111,345,80,85,95,30,30,25,ground,rock,1,0
Rhydon,112,485,105,130,120,45,45,40,ground,rock,1,0
Chansey,113,450,250,5,5,35,105,50,normal,,1,0
Tangela,114,435,65,55,115,100,40,60,grass,,1,0
Kangaskhan,115,590,105,125,100,60,100,100,normal,,1,0
Horsea,116,295,30,40,70,70,25,60,water,,1,0
Seadra,117,440,55,65,95,95,45,85,water,,1,0
Goldeen,118,320,45,67,60,35,50,63,water,,1,0
Seaking,119,450,80,92,65,65,80,68,water,,1,0
Staryu,120,340,30,45,55,70,55,85,water,,1,0
Starmie,121,520,60,75,85,100,85,115,water,psychic,1,0
Mr. Mime,122,460,40,45,65,100,120,90,psychic,fairy,1,0
Scyther,123,500,70,110,80,55,80,105,bug,flying,1,0
Jynx,124,455,65,50,35,115,95,95,ice,psychic,1,0
Electabuzz,125,490,65,83,57,95,85,105,electric,,1,0
Magmar,126,495,65,95,57,100,85,93,fire,,1,0
Pinsir,127,600,65,155,120,65,90,105,bug,,1,0
Tauros,128,490,75,100,95,40,70,110,normal,,1,0
Magikarp,129,200,20,10,55,15,20,80,water,,1,0
Gyarados,130,640,95,155,109,70,130,81,water,flying,1,0
Lapras,131,535,130,85,80,85,95,60,water,ice,1,0
Ditto,132,288,48,48,48,48,48,48,normal,,1,0
Eevee,133,325,55,55,50,45,65,55,normal,,1,0
Vaporeon,134,525,130,65,60,110,95,65,water,,1,0
Jolteon,135,525,65,65,60,110,95,130,electric,,1,0
Flareon,136,525,65,130,60,95,110,65,fire,,1,0
Porygon,137,395,65,60,70,85,75,40,normal,,1,0
Omanyte,138,355,35,40,100,90,55,35,rock,water,1,0
Omastar,139,495,70,60,125,115,70,55,rock,water,1,0
Kabuto,140,355,30,80,90,55,45,55,rock,water,1,0
Kabutops,141,495,60,115,105,65,70,80,rock,water,1,0
Aerodactyl,142,615,80,135,85,70,95,150,rock,flying,1,0
Snorlax,143,540,160,110,65,65,110,30,normal,,1,0
Articuno,144,580,90,85,100,95,125,85,ice,flying,1,1
Zapdos,145,580,90,90,85,125,90,100,electric,flying,1,1
Moltres,146,580,90,100,90,125,85,90,fire,flying,1,1
Dratini,147,300,41,64,45,50,50,50,dragon,,1,0
Dragonair,148,420,61,84,65,70,70,70,dragon,,1,0
Dragonite,149,600,91,134,95,100,100,80,dragon,flying,1,0
Mewtwo,150,780,106,150,70,194,120,140,psychic,,1,1
Mew,151,600,100,100,100,100,100,100,psychic,,1,1
Chikorita,152,318,45,49,65,49,65,45,grass,,2,0
Bayleef,153,405,60,62,80,63,80,60,grass,,2,0
Meganium,154,525,80,82,100,83,100,80,grass,,2,0
Cyndaquil,155,309,39,52,43,60,50,65,fire,,2,0
Quilava,156,405,58,64,58,80,65,80,fire,,2,0
Typhlosion,157,534,78,84,78,109,85,100,fire,,2,0
Totodile,158,314,50,65,64,44,48,43,water,,2,0
Croconaw,159,405,65,80,80,59,63,58,water,,2,0
Feraligatr,160,530,85,105,100,79,83,78,water,,2,0
Sentret,161,215,35,46,34,35,45,20,normal,,2,0
Furret,162,415,85,76,64,45,55,90,normal,,2,0
Hoothoot,163,262,60,30,30,36,56,50,normal,flying,2,0
Noctowl,164,452,100,50,50,86,96,70,normal,flying,2,0
Ledyba,165,265,40,20,30,40,80,55,bug,flying,2,0
Ledian,166,390,55,35,50,55,110,85,bug,flying,2,0
Spinarak,167,250,40,60,40,40,40,30,bug,poison,2,0
Ariados,168,400,70,90,70,60,70,40,bug,poison,2,0
Crobat,169,535,85,90,80,70,80,130,poison,flying,2,0
Chinchou,170,330,75,38,38,56,56,67,water,electric,2,0
Lanturn,171,460,125,58,58,76,76,67,water,electric,2,0
Pichu,172,205,20,40,15,35,35,60,electric,,2,0
Cleffa,173,218,50,25,28,45,55,15,fairy,,2,0
Igglybuff,174,210,90,30,15,40,20,15,normal,fairy,2,0
Togepi,175,245,35,20,65,40,65,20,fairy,,2,0
Togetic,176,405,55,40,85,80,105,40,fairy,flying,2,0
Natu,177,320,40,50,45,70,45,70,psychic,flying,2,0
Xatu,178,470,65,75,70,95,70,95,psychic,flying,2,0
Mareep,179,280,55,40,40,65,45,35,electric,,2,0
Flaaffy,180,365,70,55,55,80,60,45,electric,,2,0
Ampharos,181,610,90,95,105,165,110,45,electric,,2,0
Bellossom,182,490,75,80,95,90,100,50,grass,,2,0
Marill,183,250,70,20,50,20,50,40,water,fairy,2,0
Azumarill,184,420,100,50,80,60,80,50,water,fairy,2,0
Sudowoodo,185,410,70,100,115,30,65,30,rock,,2,0
Politoed,186,500,90,75,75,90,100,70,water,,2,0
Hoppip,187,250,35,35,40,35,55,50,grass,flying,2,0
Skiploom,188,340,55,45,50,45,65,80,grass,flying,2,0
Jumpluff,189,460,75,55,70,55,95,110,grass,flying,2,0
Aipom,190,360,55,70,55,40,55,85,normal,,2,0
Sunkern,191,180,30,30,30,30,30,30,grass,,2,0
Sunflora,192,425,75,75,55,105,85,30,grass,,2,0
Yanma,193,390,65,65,45,75,45,95,bug,flying,2,0
Wooper,194,210,55,45,45,25,25,15,water,ground,2,0
Quagsire,195,430,95,85,85,65,65,35,water,ground,2,0
Espeon,196,525,65,65,60,130,95,110,psychic,,2,0
Umbreon,197,525,95,65,110,60,130,65,dark,,2,0
Murkrow,198,405,60,85,42,85,42,91,dark,flying,2,0
Slowking,199,490,95,75,80,100,110,30,water,psychic,2,0
Misdreavus,200,435,60,60,60,85,85,85,ghost,,2,0
Unown,201,336,48,72,48,72,48,48,psychic,,2,0
Wobbuffet,202,405,190,33,58,33,58,33,psychic,,2,0
Girafarig,203,455,70,80,65,90,65,85,normal,psychic,2,0
Pineco,204,290,50,65,90,35,35,15,bug,,2,0
Forretress,205,465,75,90,140,60,60,40,bug,steel,2,0
Dunsparce,206,415,100,70,70,65,65,45,normal,,2,0
Gligar,207,430,65,75,105,35,65,85,ground,flying,2,0
Steelix,208,610,75,125,230,55,95,30,steel,ground,2,0
Snubbull,209,300,60,80,50,40,40,30,fairy,,2,0
Granbull,210,450,90,120,75,60,60,45,fairy,,2,0
Qwilfish,211,440,65,95,85,55,55,85,water,poison,2,0
Scizor,212,600,70,150,140,65,100,75,bug,steel,2,0
Shuckle,213,505,20,10,230,10,230,5,bug,rock,2,0
Heracross,214,600,80,185,115,40,105,75,bug,fighting,2,0
Sneasel,215,430,55,95,55,35,75,115,dark,ice,2,0
Teddiursa,216,330,60,80,50,50,50,40,normal,,2,0
Ursaring,217,500,90,130,75,75,75,55,normal,,2,0
Slugma,218,250,40,40,40,70,40,20,fire,,2,0
Magcargo,219,430,60,50,120,90,80,30,fire,rock,2,0
Swinub,220,250,50,50,40,30,30,50,ice,ground,2,0
Piloswine,221,450,100,100,80,60,60,50,ice,ground,2,0
Corsola,222,410,65,55,95,65,95,35,water,rock,2,0
Remoraid,223,300,35,65,35,65,35,65,water,,2,0
Octillery,224,480,75,105,75,105,75,45,water,,2,0
Delibird,225,330,45,55,45,65,45,75,ice,flying,2,0
Mantine,226,485,85,40,70,80,140,70,water,flying,2,0
Skarmory,227,465,65,80,140,40,70,70,steel,flying,2,0
Houndour,228,330,45,60,30,80,50,65,dark,fire,2,0
Houndoom,229,600,75,90,90,140,90,115,dark,fire,2,0
Kingdra,230,540,75,95,95,95,95,85,water,dragon,2,0
Phanpy,231,330,90,60,60,40,40,40,ground,,2,0
Donphan,232,500,90,120,120,60,60,50,ground,,2,0
Porygon2,233,515,85,80,90,105,95,60,normal,,2,0
Stantler,234,465,73,95,62,85,65,85,normal,,2,0
Smeargle,235,250,55,20,35,20,45,75,normal,,2,0
Tyrogue,236,210,35,35,35,35,35,35,fighting,,2,0
Hitmontop,237,455,50,95,95,35,110,70,fighting,,2,0
Smoochum,238,305,45,30,15,85,65,65,ice,psychic,2,0
Elekid,239,360,45,63,37,65,55,95,electric,,2,0
Magby,240,365,45,75,37,70,55,83,fire,,2,0
Miltank,241,490,95,80,105,40,70,100,normal,,2,0
Blissey,242,540,255,10,10,75,135,55,normal,,2,0
Raikou,243,580,90,85,75,115,100,115,electric,,2,1
Entei,244,580,115,115,85,90,75,100,fire,,2,1
Suicune,245,580,100,75,115,90,115,85,water,,2,1
Larvitar,246,300,50,64,50,45,50,41,rock,ground,2,0
Pupitar,247,410,70,84,70,65,70,51,rock,ground,2,0
Tyranitar,248,700,100,164,150,95,120,71,rock,dark,2,0
Lugia,249,680,106,90,130,90,154,110,psychic,flying,2,1
Ho-Oh,250,680,106,130,90,110,154,90,fire,flying,2,1
Celebi,251,600,100,100,100,100,100,100,psychic,grass,2,1
Treecko,252,310,40,45,35,65,55,70,grass,,3,0
Grovyle,253,405,50,65,45,85,65,95,grass,,3,0
Sceptile,254,630,70,110,75,145,85,145,grass,,3,0
Torchic,255,310,45,60,40,70,50,45,fire,,3,0
Combusken,256,405,60,85,60,85,60,55,fire,fighting,3,0
Blaziken,257,630,80,160,80,130,80,100,fire,fighting,3,0
Mudkip,258,310,50,70,50,50,50,40,water,,3,0
Marshtomp,259,405,70,85,70,60,70,50,water,ground,3,0
Swampert,260,635,100,150,110,95,110,70,water,ground,3,0
Poochyena,261,220,35,55,35,30,30,35,dark,,3,0
Mightyena,262,420,70,90,70,60,60,70,dark,,3,0
Zigzagoon,263,240,38,30,41,30,41,60,normal,,3,0
Linoone,264,420,78,70,61,50,61,100,normal,,3,0
Wurmple,265,195,45,45,35,20,30,20,bug,,3,0
Silcoon,266,205,50,35,55,25,25,15,bug,,3,0
Beautifly,267,395,60,70,50,100,50,65,bug,flying,3,0
Cascoon,268,205,50,35,55,25,25,15,bug,,3,0
Dustox,269,385,60,50,70,50,90,65,bug,poison,3,0
Lotad,270,220,40,30,30,40,50,30,water,grass,3,0
Lombre,271,340,60,50,50,60,70,50,water,grass,3,0
Ludicolo,272,480,80,70,70,90,100,70,water,grass,3,0
Seedot,273,220,40,40,50,30,30,30,grass,,3,0
Nuzleaf,274,340,70,70,40,60,40,60,grass,dark,3,0
Shiftry,275,480,90,100,60,90,60,80,grass,dark,3,0
Taillow,276,270,40,55,30,30,30,85,normal,flying,3,0
Swellow,277,455,60,85,60,75,50,125,normal,flying,3,0
Wingull,278,270,40,30,30,55,30,85,water,flying,3,0
Pelipper,279,440,60,50,100,95,70,65,water,flying,3,0
Ralts,280,198,28,25,25,45,35,40,psychic,fairy,3,0
Kirlia,281,278,38,35,35,65,55,50,psychic,fairy,3,0
Gardevoir,282,618,68,85,65,165,135,100,psychic,fairy,3,0
Surskit,283,269,40,30,32,50,52,65,bug,water,3,0
Masquerain,284,454,70,60,62,100,82,80,bug,flying,3,0
Shroomish,285,295,60,40,60,40,60,35,grass,,3,0
Breloom,286,460,60,130,80,60,60,70,grass,fighting,3,0
Slakoth,287,280,60,60,60,35,35,30,normal,,3,0
Vigoroth,288,440,80,80,80,55,55,90,normal,,3,0
Slaking,289,670,150,160,100,95,65,100,normal,,3,0
Nincada,290,266,31,45,90,30,30,40,bug,ground,3,0
Ninjask,291,456,61,90,45,50,50,160,bug,flying,3,0
Shedinja,292,236,1,90,45,30,30,40,bug,ghost,3,0
Whismur,293,240,64,51,23,51,23,28,normal,,3,0
Loudred,294,360,84,71,43,71,43,48,normal,,3,0
Exploud,295,490,104,91,63,91,73,68,normal,,3,0
Makuhita,296,237,72,60,30,20,30,25,fighting,,3,0
Hariyama,297,474,144,120,60,40,60,50,fighting,,3,0
Azurill,298,190,50,20,40,20,40,20,normal,fairy,3,0
Nosepass,299,375,30,45,135,45,90,30,rock,,3,0
Skitty,300,260,50,45,45,35,35,50,normal,,3,0
Delcatty,301,400,70,65,65,55,55,90,normal,,3,0
Sableye,302,480,50,85,125,85,115,20,dark,ghost,3,0
Mawile,303,480,50,105,125,55,95,50,steel,fairy,3,0
Aron,304,330,50,70,100,40,40,30,steel,rock,3,0
Lairon,305,430,60,90,140,50,50,40,steel,rock,3,0
Aggron,306,630,70,140,230,60,80,50,steel,rock,3,0
Meditite,307,280,30,40,55,40,55,60,fighting,psychic,3,0
Medicham,308,510,60,100,85,80,85,100,fighting,psychic,3,0
Electrike,309,295,40,45,40,65,40,65,electric,,3,0
Manectric,310,575,70,75,80,135,80,135,electric,,3,0
Plusle,311,405,60,50,40,85,75,95,electric,,3,0
Minun,312,405,60,40,50,75,85,95,electric,,3,0
Volbeat,313,430,65,73,75,47,85,85,bug,,3,0
Illumise,314,430,65,47,75,73,85,85,bug,,3,0
Roselia,315,400,50,60,45,100,80,65,grass,poison,3,0
Gulpin,316,302,70,43,53,43,53,40,poison,,3,0
Swalot,317,467,100,73,83,73,83,55,poison,,3,0
Carvanha,318,305,45,90,20,65,20,65,water,dark,3,0
Sharpedo,319,560,70,140,70,110,65,105,water,dark,3,0
Wailmer,320,400,130,70,35,70,35,60,water,,3,0
Wailord,321,500,170,90,45,90,45,60,water,,3,0
Numel,322,305,60,60,40,65,45,35,fire,ground,3,0
Camerupt,323,560,70,120,100,145,105,20,fire,ground,3,0
Torkoal,324,470,70,85,140,85,70,20,fire,,3,0
Spoink,325,330,60,25,35,70,80,60,psychic,,3,0
Grumpig,326,470,80,45,65,90,110,80,psychic,,3,0
Spinda,327,360,60,60,60,60,60,60,normal,,3,0
Trapinch,328,290,45,100,45,45,45,10,ground,,3,0
Vibrava,329,340,50,70,50,50,50,70,ground,dragon,3,0
Flygon,330,520,80,100,80,80,80,100,ground,dragon,3,0
Cacnea,331,335,50,85,40,85,40,35,grass,,3,0
Cacturne,332,475,70,115,60,115,60,55,grass,dark,3,0
Swablu,333,310,45,40,60,40,75,50,normal,flying,3,0
Altaria,334,590,75,110,110,110,105,80,dragon,flying,3,0
Zangoose,335,458,73,115,60,60,60,90,normal,,3,0
Seviper,336,458,73,100,60,100,60,65,poison,,3,0
Lunatone,337,460,90,55,65,95,85,70,rock,psychic,3,0
Solrock,338,460,90,95,85,55,65,70,rock,psychic,3,0
Barboach,339,288,50,48,43,46,41,60,water,ground,3,0
Whiscash,340,468,110,78,73,76,71,60,water,ground,3,0
Corphish,341,308,43,80,65,50,35,35,water,,3,0
Crawdaunt,342,468,63,120,85,90,55,55,water,dark,3,0
Baltoy,343,300,40,40,55,40,70,55,ground,psychic,3,0
Claydol,344,500,60,70,105,70,120,75,ground,psychic,3,0
Lileep,345,355,66,41,77,61,87,23,rock,grass,3,0
Cradily,346,495,86,81,97,81,107,43,rock,grass,3,0
Anorith,347,355,45,95,50,40,50,75,rock,bug,3,0
Armaldo,348,495,75,125,100,70,80,45,rock,bug,3,0
Feebas,349,200,20,15,20,10,55,80,water,,3,0
Milotic,350,540,95,60,79,100,125,81,water,,3,0
Castform,351,420,70,70,70,70,70,70,normal,,3,0
Kecleon,352,440,60,90,70,60,120,40,normal,,3,0
Shuppet,353,295,44,75,35,63,33,45,ghost,,3,0
Banette,354,555,64,165,75,93,83,75,ghost,,3,0
Duskull,355,295,20,40,90,30,90,25,ghost,,3,0
Dusclops,356,455,40,70,130,60,130,25,ghost,,3,0
Tropius,357,460,99,68,83,72,87,51,grass,flying,3,0
Chimecho,358,455,75,50,80,95,90,65,psychic,,3,0
Absol,359,565,65,150,60,115,60,115,dark,,3,0
Wynaut,360,260,95,23,48,23,48,23,psychic,,3,0
Snorunt,361,300,50,50,50,50,50,50,ice,,3,0
Glalie,362,580,80,120,80,120,80,100,ice,,3,0
Spheal,363,290,70,40,50,55,50,25,ice,water,3,0
Sealeo,364,410,90,60,70,75,70,45,ice,water,3,0
Walrein,365,530,110,80,90,95,90,65,ice,water,3,0
Clamperl,366,345,35,64,85,74,55,32,water,,3,0
Huntail,367,485,55,104,105,94,75,52,water,,3,0
Gorebyss,368,485,55,84,105,114,75,52,water,,3,0
Relicanth,369,485,100,90,130,45,65,55,water,rock,3,0
Luvdisc,370,330,43,30,55,40,65,97,water,,3,0
Bagon,371,300,45,75,60,40,30,50,dragon,,3,0
Shelgon,372,420,65,95,100,60,50,50,dragon,,3,0
Salamence,373,700,95,145,130,120,90,120,dragon,flying,3,0
Beldum,374,300,40,55,80,35,60,30,steel,psychic,3,0
Metang,375,420,60,75,100,55,80,50,steel,psychic,3,0
Metagross,376,700,80,145,150,105,110,110,steel,psychic,3,0
Regirock,377,580,80,100,200,50,100,50,rock,,3,1
Regice,378,580,80,50,100,100,200,50,ice,,3,1
Registeel,379,580,80,75,150,75,150,50,steel,,3,1
Latias,380,700,80,100,120,140,150,110,dragon,psychic,3,1
Latios,381,700,80,130,100,160,120,110,dragon,psychic,3,1
Kyogre,382,770,100,150,90,180,160,90,water,,3,1
Groudon,383,770,100,180,160,150,90,90,ground,,3,1
Rayquaza,384,780,105,180,100,180,100,115,dragon,flying,3,1
Jirachi,385,600,100,100,100,100,100,100,steel,psychic,3,1
Deoxys,386,600,50,95,90,95,90,180,psychic,,3,1
Turtwig,387,318,55,68,64,45,55,31,grass,,4,0
Grotle,388,405,75,89,85,55,65,36,grass,,4,0
Torterra,389,525,95,109,105,75,85,56,grass,ground,4,0
Chimchar,390,309,44,58,44,58,44,61,fire,,4,0
Monferno,391,405,64,78,52,78,52,81,fire,fighting,4,0
Infernape,392,534,76,104,71,104,71,108,fire,fighting,4,0
Piplup,393,314,53,51,53,61,56,40,water,,4,0
Prinplup,394,405,64,66,68,81,76,50,water,,4,0
Empoleon,395,530,84,86,88,111,101,60,water,steel,4,0
Starly,396,245,40,55,30,30,30,60,normal,flying,4,0
Staravia,397,340,55,75,50,40,40,80,normal,flying,4,0
Staraptor,398,485,85,120,70,50,60,100,normal,flying,4,0
Bidoof,399,250,59,45,40,35,40,31,normal,,4,0
Bibarel,400,410,79,85,60,55,60,71,normal,water,4,0
Kricketot,401,194,37,25,41,25,41,25,bug,,4,0
Kricketune,402,384,77,85,51,55,51,65,bug,,4,0
Shinx,403,263,45,65,34,40,34,45,electric,,4,0
Luxio,404,363,60,85,49,60,49,60,electric,,4,0
Luxray,405,523,80,120,79,95,79,70,electric,,4,0
Budew,406,280,40,30,35,50,70,55,grass,poison,4,0
Roserade,407,515,60,70,65,125,105,90,grass,poison,4,0
Cranidos,408,350,67,125,40,30,30,58,rock,,4,0
Rampardos,409,495,97,165,60,65,50,58,rock,,4,0
Shieldon,410,350,30,42,118,42,88,30,rock,steel,4,0
Bastiodon,411,495,60,52,168,47,138,30,rock,steel,4,0
Burmy,412,224,40,29,45,29,45,36,bug,,4,0
Wormadam,413,424,60,69,95,69,95,36,bug,grass,4,0
Mothim,414,424,70,94,50,94,50,66,bug,flying,4,0
Combee,415,244,30,30,42,30,42,70,bug,flying,4,0
Vespiquen,416,474,70,80,102,80,102,40,bug,flying,4,0
Pachirisu,417,405,60,45,70,45,90,95,electric,,4,0
Buizel,418,330,55,65,35,60,30,85,water,,4,0
Floatzel,419,495,85,105,55,85,50,115,water,,4,0
Cherubi,420,275,45,35,45,62,53,35,grass,,4,0
Cherrim,421,450,70,60,70,87,78,85,grass,,4,0
Shellos,422,325,76,48,48,57,62,34,water,,4,0
Gastrodon,423,475,111,83,68,92,82,39,water,ground,4,0
Ambipom,424,482,75,100,66,60,66,115,normal,,4,0
Drifloon,425,348,90,50,34,60,44,70,ghost,flying,4,0
Drifblim,426,498,150,80,44,90,54,80,ghost,flying,4,0
Buneary,427,350,55,66,44,44,56,85,normal,,4,0
Lopunny,428,580,65,136,94,54,96,135,normal,,4,0
Mismagius,429,495,60,60,60,105,105,105,ghost,,4,0
Honchkrow,430,505,100,125,52,105,52,71,dark,flying,4,0
Glameow,431,310,49,55,42,42,37,85,normal,,4,0
Purugly,432,452,71,82,64,64,59,112,normal,,4,0
Chingling,433,285,45,30,50,65,50,45,psychic,,4,0
Stunky,434,329,63,63,47,41,41,74,poison,dark,4,0
Skuntank,435,479,103,93,67,71,61,84,poison,dark,4,0
Bronzor,436,300,57,24,86,24,86,23,steel,psychic,4,0
Bronzong,437,500,67,89,116,79,116,33,steel,psychic,4,0
Bonsly,438,290,50,80,95,10,45,10,rock,,4,0
Mime Jr.,439,310,20,25,45,70,90,60,psychic,fairy,4,0
Happiny,440,220,100,5,5,15,65,30,normal,,4,0
Chatot,441,411,76,65,45,92,42,91,normal,flying,4,0
Spiritomb,442,485,50,92,108,92,108,35,ghost,dark,4,0
Gible,443,300,58,70,45,40,45,42,dragon,ground,4,0
Gabite,444,410,68,90,65,50,55,82,dragon,ground,4,0
Garchomp,445,700,108,170,115,120,95,92,dragon,ground,4,0
Munchlax,446,390,135,85,40,40,85,5,normal,,4,0
Riolu,447,285,40,70,40,35,40,60,fighting,,4,0
Lucario,448,625,70,145,88,140,70,112,fighting,steel,4,0
Hippopotas,449,330,68,72,78,38,42,32,ground,,4,0
Hippowdon,450,525,108,112,118,68,72,47,ground,,4,0
Skorupi,451,330,40,50,90,30,55,65,poison,bug,4,0
Drapion,452,500,70,90,110,60,75,95,poison,dark,4,0
Croagunk,453,300,48,61,40,61,40,50,poison,fighting,4,0
Toxicroak,454,490,83,106,65,86,65,85,poison,fighting,4,0
Carnivine,455,454,74,100,72,90,72,46,grass,,4,0
Finneon,456,330,49,49,56,49,61,66,water,,4,0
Lumineon,457,460,69,69,76,69,86,91,water,,4,0
Mantyke,458,345,45,20,50,60,120,50,water,flying,4,0
Snover,459,334,60,62,50,62,60,40,grass,ice,4,0
Abomasnow,460,594,90,132,105,132,105,30,grass,ice,4,0
Weavile,461,510,70,120,65,45,85,125,dark,ice,4,0
Magnezone,462,535,70,70,115,130,90,60,electric,steel,4,0
Lickilicky,463,515,110,85,95,80,95,50,normal,,4,0
Rhyperior,464,535,115,140,130,55,55,40,ground,rock,4,0
Tangrowth,465,535,100,100,125,110,50,50,grass,,4,0
Electivire,466,540,75,123,67,95,85,95,electric,,4,0
Magmortar,467,540,75,95,67,125,95,83,fire,,4,0
Togekiss,468,545,85,50,95,120,115,80,fairy,flying,4,0
Yanmega,469,515,86,76,86,116,56,95,bug,flying,4,0
Leafeon,470,525,65,110,130,60,65,95,grass,,4,0
Glaceon,471,525,65,60,110,130,95,65,ice,,4,0
Gliscor,472,510,75,95,125,45,75,95,ground,flying,4,0
Mamoswine,473,530,110,130,80,70,60,80,ice,ground,4,0
Porygon-Z,474,535,85,80,70,135,75,90,normal,,4,0
Gallade,475,618,68,165,95,65,115,110,psychic,fighting,4,0
Probopass,476,525,60,55,145,75,150,40,rock,steel,4,0
Dusknoir,477,525,45,100,135,65,135,45,ghost,,4,0
Froslass,478,480,70,80,70,80,70,110,ice,ghost,4,0
Rotom,479,520,50,65,107,105,107,86,electric,ghost,4,0
Uxie,480,580,75,75,130,75,130,95,psychic,,4,1
Mesprit,481,580,80,105,105,105,105,80,psychic,,4,1
Azelf,482,580,75,125,70,125,70,115,psychic,,4,1
Dialga,483,680,100,120,120,150,100,90,steel,dragon,4,1
Palkia,484,680,90,120,100,150,120,100,water,dragon,4,1
Heatran,485,600,91,90,106,130,106,77,fire,steel,4,1
Regigigas,486,670,110,160,110,80,110,100,normal,,4,1
Giratina,487,680,150,120,100,120,100,90,ghost,dragon,4,1
Cresselia,488,600,120,70,120,75,130,85,psychic,,4,1
Phione,489,480,80,80,80,80,80,80,water,,4,0
Manaphy,490,600,100,100,100,100,100,100,water,,4,1
Darkrai,491,600,70,90,90,135,90,125,dark,,4,1
Shaymin,492,600,100,103,75,120,75,127,grass,grass,4,1
Arceus,493,720,120,120,120,120,120,120,normal,,4,1
Victini,494,600,100,100,100,100,100,100,psychic,fire,5,1
Snivy,495,308,45,45,55,45,55,63,grass,,5,0
Servine,496,413,60,60,75,60,75,83,grass,,5,0
Serperior,497,528,75,75,95,75,95,113,grass,,5,0
Tepig,498,308,65,63,45,45,45,45,fire,,5,0
Pignite,499,418,90,93,55,70,55,55,fire,fighting,5,0
Emboar,500,528,110,123,65,100,65,65,fire,fighting,5,0
Oshawott,501,308,55,55,45,63,45,45,water,,5,0
Dewott,502,413,75,75,60,83,60,60,water,,5,0
Samurott,503,528,95,100,85,108,70,70,water,,5,0
Patrat,504,255,45,55,39,35,39,42,normal,,5,0
Watchog,505,420,60,85,69,60,69,77,normal,,5,0
Lillipup,506,275,45,60,45,25,45,55,normal,,5,0
Herdier,507,370,65,80,65,35,65,60,normal,,5,0
Stoutland,508,500,85,110,90,45,90,80,normal,,5,0
Purrloin,509,281,41,50,37,50,37,66,dark,,5,0
Liepard,510,446,64,88,50,88,50,106,dark,,5,0
Pansage,511,316,50,53,48,53,48,64,grass,,5,0
Simisage,512,498,75,98,63,98,63,101,grass,,5,0
Pansear,513,316,50,53,48,53,48,64,fire,,5,0
Simisear,514,498,75,98,63,98,63,101,fire,,5,0
Panpour,515,316,50,53,48,53,48,64,water,,5,0
Simipour,516,498,75,98,63,98,63,101,water,,5,0
Munna,517,292,76,25,45,67,55,24,psychic,,5,0
Musharna,518,487,116,55,85,107,95,29,psychic,,5,0
Pidove,519,264,50,55,50,36,30,43,normal,flying,5,0
Tranquill,520,358,62,77,62,50,42,65,normal,flying,5,0
Unfezant,521,488,80,115,80,65,55,93,normal,flying,5,0
Blitzle,522,295,45,60,32,50,32,76,electric,,5,0
Zebstrika,523,497,75,100,63,80,63,116,electric,,5,0
Roggenrola,524,280,55,75,85,25,25,15,rock,,5,0
Boldore,525,390,70,105,105,50,40,20,rock,,5,0
Gigalith,526,515,85,135,130,60,80,25,rock,,5,0
Woobat,527,323,65,45,43,55,43,72,psychic,flying,5,0
Swoobat,528,425,67,57,55,77,55,114,psychic,flying,5,0
Drilbur,529,328,60,85,40,30,45,68,ground,,5,0
Excadrill,530,508,110,135,60,50,65,88,ground,steel,5,0
Audino,531,545,103,60,126,80,126,50,normal,,5,0
Timburr,532,305,75,80,55,25,35,35,fighting,,5,0
Gurdurr,533,405,85,105,85,40,50,40,fighting,,5,0
Conkeldurr,534,505,105,140,95,55,65,45,fighting,,5,0
Tympole,535,294,50,50,40,50,40,64,water,,5,0
Palpitoad,536,384,75,65,55,65,55,69,water,ground,5,0
Seismitoad,537,509,105,95,75,85,75,74,water,ground,5,0
Throh,538,465,120,100,85,30,85,45,fighting,,5,0
Sawk,539,465,75,125,75,30,75,85,fighting,,5,0
Sewaddle,540,310,45,53,70,40,60,42,bug,grass,5,0
Swadloon,541,380,55,63,90,50,80,42,bug,grass,5,0
Leavanny,542,500,75,103,80,70,80,92,bug,grass,5,0
Venipede,543,260,30,45,59,30,39,57,bug,poison,5,0
Whirlipede,544,360,40,55,99,40,79,47,bug,poison,5,0
Scolipede,545,485,60,100,89,55,69,112,bug,poison,5,0
Cottonee,546,280,40,27,60,37,50,66,grass,fairy,5,0
Whimsicott,547,480,60,67,85,77,75,116,grass,fairy,5,0
Petilil,548,280,45,35,50,70,50,30,grass,,5,0
Lilligant,549,480,70,60,75,110,75,90,grass,,5,0
Basculin,550,460,70,92,65,80,55,98,water,,5,0
Sandile,551,292,50,72,35,35,35,65,ground,dark,5,0
Krokorok,552,351,60,82,45,45,45,74,ground,dark,5,0
Krookodile,553,519,95,117,80,65,70,92,ground,dark,5,0
Darumaka,554,315,70,90,45,15,45,50,fire,,5,0
Darmanitan,555,540,105,30,105,140,105,55,fire,fire,5,0
Maractus,556,461,75,86,67,106,67,60,grass,,5,0
Dwebble,557,325,50,65,85,35,35,55,bug,rock,5,0
Crustle,558,485,70,105,125,65,75,45,bug,rock,5,0
Scraggy,559,348,50,75,70,35,70,48,dark,fighting,5,0
Scrafty,560,488,65,90,115,45,115,58,dark,fighting,5,0
Sigilyph,561,490,72,58,80,103,80,97,psychic,flying,5,0
Yamask,562,303,38,30,85,55,65,30,ghost,,5,0
Cofagrigus,563,483,58,50,145,95,105,30,ghost,,5,0
Tirtouga,564,355,54,78,103,53,45,22,water,rock,5,0
Carracosta,565,495,74,108,133,83,65,32,water,rock,5,0
Archen,566,401,55,112,45,74,45,70,rock,flying,5,0
Archeops,567,567,75,140,65,112,65,110,rock,flying,5,0
Trubbish,568,329,50,50,62,40,62,65,poison,,5,0
Garbodor,569,474,80,95,82,60,82,75,poison,,5,0
Zorua,570,330,40,65,40,80,40,65,dark,,5,0
Zoroark,571,510,60,105,60,120,60,105,dark,,5,0
Minccino,572,300,55,50,40,40,40,75,normal,,5,0
Cinccino,573,470,75,95,60,65,60,115,normal,,5,0
Gothita,574,290,45,30,50,55,65,45,psychic,,5,0
Gothorita,575,390,60,45,70,75,85,55,psychic,,5,0
Gothitelle,576,490,70,55,95,95,110,65,psychic,,5,0
Solosis,577,290,45,30,40,105,50,20,psychic,,5,0
Duosion,578,370,65,40,50,125,60,30,psychic,,5,0
Reuniclus,579,490,110,65,75,125,85,30,psychic,,5,0
Ducklett,580,305,62,44,50,44,50,55,water,flying,5,0
Swanna,581,473,75,87,63,87,63,98,water,flying,5,0
Vanillite,582,305,36,50,50,65,60,44,ice,,5,0
Vanillish,583,395,51,65,65,80,75,59,ice,,5,0
Vanilluxe,584,535,71,95,85,110,95,79,ice,,5,0
Deerling,585,335,60,60,50,40,50,75,normal,grass,5,0
Sawsbuck,586,475,80,100,70,60,70,95,normal,grass,5,0
Emolga,587,428,55,75,60,75,60,103,electric,flying,5,0
Karrablast,588,315,50,75,45,40,45,60,bug,,5,0
Escavalier,589,495,70,135,105,60,105,20,bug,steel,5,0
Foongus,590,294,69,55,45,55,55,15,grass,poison,5,0
Amoonguss,591,464,114,85,70,85,80,30,grass,poison,5,0
Frillish,592,335,55,40,50,65,85,40,water,ghost,5,0
Jellicent,593,480,100,60,70,85,105,60,water,ghost,5,0
Alomomola,594,470,165,75,80,40,45,65,water,,5,0
Joltik,595,319,50,47,50,57,50,65,bug,electric,5,0
Galvantula,596,472,70,77,60,97,60,108,bug,electric,5,0
Ferroseed,597,305,44,50,91,24,86,10,grass,steel,5,0
Ferrothorn,598,489,74,94,131,54,116,20,grass,steel,5,0
Klink,599,300,40,55,70,45,60,30,steel,,5,0
Klang,600,440,60,80,95,70,85,50,steel,,5,0
Klinklang,601,520,60,100,115,70,85,90,steel,,5,0
Tynamo,602,275,35,55,40,45,40,60,electric,,5,0
Eelektrik,603,405,65,85,70,75,70,40,electric,,5,0
Eelektross,604,515,85,115,80,105,80,50,electric,,5,0
Elgyem,605,335,55,55,55,85,55,30,psychic,,5,0
Beheeyem,606,485,75,75,75,125,95,40,psychic,,5,0
Litwick,607,275,50,30,55,65,55,20,ghost,fire,5,0
Lampent,608,370,60,40,60,95,60,55,ghost,fire,5,0
Chandelure,609,520,60,55,90,145,90,80,ghost,fire,5,0
Axew,610,320,46,87,60,30,40,57,dragon,,5,0
Fraxure,611,410,66,117,70,40,50,67,dragon,,5,0
Haxorus,612,540,76,147,90,60,70,97,dragon,,5,0
Cubchoo,613,305,55,70,40,60,40,40,ice,,5,0
Beartic,614,505,95,130,80,70,80,50,ice,,5,0
Cryogonal,615,515,80,50,50,95,135,105,ice,,5,0
Shelmet,616,305,50,40,85,40,65,25,bug,,5,0
Accelgor,617,495,80,70,40,100,60,145,bug,,5,0
Stunfisk,618,471,109,66,84,81,99,32,ground,electric,5,0
Mienfoo,619,350,45,85,50,55,50,65,fighting,,5,0
Mienshao,620,510,65,125,60,95,60,105,fighting,,5,0
Druddigon,621,485,77,120,90,60,90,48,dragon,,5,0
Golett,622,303,59,74,50,35,50,35,ground,ghost,5,0
Golurk,623,483,89,124,80,55,80,55,ground,ghost,5,0
Pawniard,624,340,45,85,70,40,40,60,dark,steel,5,0
Bisharp,625,490,65,125,100,60,70,70,dark,steel,5,0
Bouffalant,626,490,95,110,95,40,95,55,normal,,5,0
Rufflet,627,350,70,83,50,37,50,60,normal,flying,5,0
Braviary,628,510,100,123,75,57,75,80,normal,flying,5,0
Vullaby,629,370,70,55,75,45,65,60,dark,flying,5,0
Mandibuzz,630,510,110,65,105,55,95,80,dark,flying,5,0
Heatmor,631,484,85,97,66,105,66,65,fire,,5,0
Durant,632,484,58,109,112,48,48,109,bug,steel,5,0
Deino,633,300,52,65,50,45,50,38,dark,dragon,5,0
Zweilous,634,420,72,85,70,65,70,58,dark,dragon,5,0
Hydreigon,635,600,92,105,90,125,90,98,dark,dragon,5,0
Larvesta,636,360,55,85,55,50,55,60,bug,fire,5,0
Volcarona,637,550,85,60,65,135,105,100,bug,fire,5,0
Cobalion,638,580,91,90,129,90,72,108,steel,fighting,5,1
Terrakion,639,580,91,129,90,72,90,108,rock,fighting,5,1
Virizion,640,580,91,90,72,90,129,108,grass,fighting,5,1
Tornadus,641,580,79,100,80,110,90,121,flying,,5,1
Thundurus,642,580,79,105,70,145,80,101,electric,flying,5,1
Reshiram,643,680,100,120,100,150,120,90,dragon,fire,5,1
Zekrom,644,680,100,150,120,120,100,90,dragon,electric,5,1
Landorus,645,600,89,145,90,105,80,91,ground,flying,5,1
Kyurem,646,700,125,120,90,170,100,95,dragon,ice,5,1
Keldeo,647,580,91,72,90,129,90,108,water,fighting,5,1
Meloetta,648,600,100,128,90,77,77,128,normal,psychic,5,1
Genesect,649,600,71,120,95,120,95,99,bug,steel,5,1
Chespin,650,313,56,61,65,48,45,38,grass,,6,0
Quilladin,651,405,61,78,95,56,58,57,grass,,6,0
Chesnaught,652,530,88,107,122,74,75,64,grass,fighting,6,0
Fennekin,653,307,40,45,40,62,60,60,fire,,6,0
Braixen,654,409,59,59,58,90,70,73,fire,,6,0
Delphox,655,534,75,69,72,114,100,104,fire,psychic,6,0
Froakie,656,314,41,56,40,62,44,71,water,,6,0
Frogadier,657,405,54,63,52,83,56,97,water,,6,0
Greninja,658,640,72,145,67,153,71,132,water,dark,6,0
Bunnelby,659,237,38,36,38,32,36,57,normal,,6,0
Diggersby,660,423,85,56,77,50,77,78,normal,ground,6,0
Fletchling,661,278,45,50,43,40,38,62,normal,flying,6,0
Fletchinder,662,382,62,73,55,56,52,84,fire,flying,6,0
Talonflame,663,499,78,81,71,74,69,126,fire,flying,6,0
Scatterbug,664,200,38,35,40,27,25,35,bug,,6,0
Spewpa,665,213,45,22,60,27,30,29,bug,,6,0
Vivillon,666,411,80,52,50,90,50,89,bug,flying,6,0
Litleo,667,369,62,50,58,73,54,72,fire,normal,6,0
Pyroar,668,507,86,68,72,109,66,106,fire,normal,6,0
Flabébé,669,303,44,38,39,61,79,42,fairy,,6,0
Floette,670,551,74,65,67,125,128,92,fairy,,6,0
Florges,671,552,78,65,68,112,154,75,fairy,,6,0
Skiddo,672,350,66,65,48,62,57,52,grass,,6,0
Gogoat,673,531,123,100,62,97,81,68,grass,,6,0
Pancham,674,348,67,82,62,46,48,43,fighting,,6,0
Pangoro,675,495,95,124,78,69,71,58,fighting,dark,6,0
Furfrou,676,472,75,80,60,65,90,102,normal,,6,0
Espurr,677,355,62,48,54,63,60,68,psychic,,6,0
Meowstic,678,466,74,48,76,83,81,104,psychic,,6,0
Honedge,679,325,45,80,100,35,37,28,steel,ghost,6,0
Doublade,680,448,59,110,150,45,49,35,steel,ghost,6,0
Aegislash,681,520,60,150,50,150,50,60,steel,ghost,6,0
Spritzee,682,341,78,52,60,63,65,23,fairy,,6,0
Aromatisse,683,462,101,72,72,99,89,29,fairy,,6,0
Swirlix,684,341,62,48,66,59,57,49,fairy,,6,0
Slurpuff,685,480,82,80,86,85,75,72,fairy,,6,0
Inkay,686,288,53,54,53,37,46,45,dark,psychic,6,0
Malamar,687,482,86,92,88,68,75,73,dark,psychic,6,0
Binacle,688,306,42,52,67,39,56,50,rock,water,6,0
Barbaracle,689,500,72,105,115,54,86,68,rock,water,6,0
Skrelp,690,320,50,60,60,60,60,30,poison,water,6,0
Dragalge,691,494,65,75,90,97,123,44,poison,dragon,6,0
Clauncher,692,330,50,53,62,58,63,44,water,,6,0
Clawitzer,693,500,71,73,88,120,89,59,water,,6,0
Helioptile,694,289,44,38,33,61,43,70,electric,normal,6,0
Heliolisk,695,481,62,55,52,109,94,109,electric,normal,6,0
Tyrunt,696,362,58,89,77,45,45,48,rock,dragon,6,0
Tyrantrum,697,521,82,121,119,69,59,71,rock,dragon,6,0
Amaura,698,362,77,59,50,67,63,46,rock,ice,6,0
Aurorus,699,521,123,77,72,99,92,58,rock,ice,6,0
Sylveon,700,525,95,65,65,110,130,60,fairy,,6,0
Hawlucha,701,500,78,92,75,74,63,118,fighting,flying,6,0
Dedenne,702,431,67,58,57,81,67,101,electric,fairy,6,0
Carbink,703,500,50,50,150,50,150,50,rock,fairy,6,0
Goomy,704,300,45,50,35,55,75,40,dragon,,6,0
Sliggoo,705,452,68,75,53,83,113,60,dragon,,6,0
Goodra,706,600,90,100,70,110,150,80,dragon,,6,0
Klefki,707,470,57,80,91,80,87,75,steel,fairy,6,0
Phantump,708,309,43,70,48,50,60,38,ghost,grass,6,0
Trevenant,709,474,85,110,76,65,82,56,ghost,grass,6,0
Pumpkaboo,710,335,59,66,70,44,55,41,ghost,grass,6,0
Gourgeist,711,494,85,100,122,58,75,54,ghost,grass,6,0
Bergmite,712,304,55,69,85,32,35,28,ice,,6,0
Avalugg,713,514,95,117,184,44,46,28,ice,,6,0
Noibat,714,245,40,30,35,45,40,55,flying,dragon,6,0
Noivern,715,535,85,70,80,97,80,123,flying,dragon,6,0
Xerneas,716,680,126,131,95,131,98,99,fairy,,6,1
Yveltal,717,680,126,131,95,131,98,99,dark,flying,6,1
Zygarde,718,708,216,100,121,91,95,85,dragon,ground,6,1
Diancie,719,700,50,160,110,160,110,110,rock,fairy,6,1
Hoopa,720,680,80,160,60,170,130,80,psychic,ghost,6,1
Volcanion,721,600,80,110,120,130,90,70,fire,water,6,1
Rowlet,722,320,68,55,55,50,50,42,grass,flying,7,0
Dartrix,723,420,78,75,75,70,70,52,grass,flying,7,0
Decidueye,724,530,78,107,75,100,100,70,grass,ghost,7,0
Litten,725,320,45,65,40,60,40,70,fire,,7,0
Torracat,726,420,65,85,50,80,50,90,fire,,7,0
Incineroar,727,530,95,115,90,80,90,60,fire,dark,7,0
Popplio,728,320,50,54,54,66,56,40,water,,7,0
Brionne,729,420,60,69,69,91,81,50,water,,7,0
Primarina,730,530,80,74,74,126,116,60,water,fairy,7,0
Pikipek,731,265,35,75,30,30,30,65,normal,flying,7,0
Trumbeak,732,355,55,85,50,40,50,75,normal,flying,7,0
Toucannon,733,485,80,120,75,75,75,60,normal,flying,7,0
Yungoos,734,253,48,70,30,30,30,45,normal,,7,0
Gumshoos,735,418,88,110,60,55,60,45,normal,,7,0
Grubbin,736,300,47,62,45,55,45,46,bug,,7,0
Charjabug,737,400,57,82,95,55,75,36,bug,electric,7,0
Vikavolt,738,500,77,70,90,145,75,43,bug,electric,7,0
Crabrawler,739,338,47,82,57,42,47,63,fighting,,7,0
Crabominable,740,478,97,132,77,62,67,43,fighting,ice,7,0
Oricorio,741,476,75,70,70,98,70,93,fire,flying,7,0
Cutiefly,742,304,40,45,40,55,40,84,bug,fairy,7,0
Ribombee,743,464,60,55,60,95,70,124,bug,fairy,7,0
Rockruff,744,280,45,65,40,30,40,60,rock,,7,0
Lycanroc,745,487,85,115,75,55,75,82,rock,,7,0
Wishiwashi,746,620,45,140,130,140,135,30,water,,7,0
Mareanie,747,305,50,53,62,43,52,45,poison,water,7,0
Toxapex,748,495,50,63,152,53,142,35,poison,water,7,0
Mudbray,749,385,70,100,70,45,55,45,ground,,7,0
Mudsdale,750,500,100,125,100,55,85,35,ground,,7,0
Dewpider,751,269,38,40,52,40,72,27,water,bug,7,0
Araquanid,752,454,68,70,92,50,132,42,water,bug,7,0
Fomantis,753,250,40,55,35,50,35,35,grass,,7,0
Lurantis,754,480,70,105,90,80,90,45,grass,,7,0
Morelull,755,285,40,35,55,65,75,15,grass,fairy,7,0
Shiinotic,756,405,60,45,80,90,100,30,grass,fairy,7,0
Salandit,757,320,48,44,40,71,40,77,poison,fire,7,0
Salazzle,758,480,68,64,60,111,60,117,poison,fire,7,0
Stufful,759,340,70,75,50,45,50,50,normal,fighting,7,0
Bewear,760,500,120,125,80,55,60,60,normal,fighting,7,0
Bounsweet,761,210,42,30,38,30,38,32,grass,,7,0
Steenee,762,290,52,40,48,40,48,62,grass,,7,0
Tsareena,763,510,72,120,98,50,98,72,grass,,7,0
Comfey,764,485,51,52,90,82,110,100,fairy,,7,0
Oranguru,765,490,90,60,80,90,110,60,normal,psychic,7,0
Passimian,766,490,100,120,90,40,60,80,fighting,,7,0
Wimpod,767,230,25,35,40,20,30,80,bug,water,7,0
Golisopod,768,530,75,125,140,60,90,40,bug,water,7,0
Sandygast,769,320,55,55,80,70,45,15,ghost,ground,7,0
Palossand,770,480,85,75,110,100,75,35,ghost,ground,7,0
Pyukumuku,771,410,55,60,130,30,130,5,water,,7,0
Type: Null,772,534,95,95,95,95,95,59,normal,,7,0
Silvally,773,570,95,95,95,95,95,95,normal,,7,0
Minior,774,500,60,100,60,100,60,120,rock,flying,7,0
Komala,775,480,65,115,65,75,95,65,normal,,7,0
Turtonator,776,485,60,78,135,91,85,36,fire,dragon,7,0
Togedemaru,777,435,65,98,63,40,73,96,electric,steel,7,0
Mimikyu,778,476,55,90,80,50,105,96,ghost,fairy,7,0
Bruxish,779,475,68,105,70,70,70,92,water,psychic,7,0
Drampa,780,485,78,60,85,135,91,36,normal,dragon,7,0
Dhelmise,781,517,70,131,100,86,90,40,ghost,grass,7,0
Jangmo-o,782,300,45,55,65,45,45,45,dragon,,7,0
Hakamo-o,783,420,55,75,90,65,70,65,dragon,fighting,7,0
Kommo-o,784,600,75,110,125,100,105,85,dragon,fighting,7,0
Tapu Koko,785,570,70,115,85,95,75,130,electric,fairy,7,1
Tapu Lele,786,570,70,85,75,130,115,95,psychic,fairy,7,1
Tapu Bulu,787,570,70,130,115,85,95,75,grass,fairy,7,1
Tapu Fini,788,570,70,75,115,95,130,85,water,fairy,7,1
Cosmog,789,200,43,29,31,29,31,37,psychic,,7,1
Cosmoem,790,400,43,29,131,29,131,37,psychic,,7,1
Solgaleo,791,680,137,137,107,113,89,97,psychic,steel,7,1
Lunala,792,680,137,113,89,137,107,97,psychic,ghost,7,1
Nihilego,793,570,109,53,47,127,131,103,rock,poison,7,1
Buzzwole,794,570,107,139,139,53,53,79,bug,fighting,7,1
Pheromosa,795,570,71,137,37,137,37,151,bug,fighting,7,1
Xurkitree,796,570,83,89,71,173,71,83,electric,,7,1
Celesteela,797,570,97,101,103,107,101,61,steel,flying,7,1
Kartana,798,570,59,181,131,59,31,109,grass,steel,7,1
Guzzlord,799,570,223,101,53,97,53,43,dark,dragon,7,1
Necrozma,800,600,97,107,101,127,89,79,psychic,,7,1
Magearna,801,600,80,95,115,130,115,65,steel,fairy,7,1
